{
    "robot_root_name": "pelvis",
    "human_root_name": "Hips",
    "ground_height": 0.0,
    "human_height_assumption": 1.4,
    "human_scale_table": {
        "Hips": 0.785,
        "Chest": 0.785,
        "LeftLeg": 0.805,
        "RightLeg": 0.805,
        "LeftShin": 0.805,
        "RightShin": 0.805,
        "LeftFoot": 0.805,
        "RightFoot": 0.805,
        "LeftArm": 0.8,
        "RightArm": 0.8,
        "LeftForeArm": 0.8,
        "RightForeArm": 0.8,
        "LeftHand": 0.8,
        "RightHand": 0.8,
        "Head": 0.785,
        "LeftToeBase": 0.805,
        "RightToeBase": 0.805
    },
    "use_ik_match_table1": true,
    "use_ik_match_table2": true,
    "ik_match_table1": {
        "pelvis": ["Hips", 100, 10, [0, 0.0, 0], [6.846088218998016e-05, 0.7071067778724142, 0.7071067778724142, -6.846088219003565e-05]],
        "lumbar1": ["Chest", 100, 10, [0, 0.0, 0], [6.846088218998016e-05, 0.7071067778724142, 0.7071067778724142, -6.846088219003565e-05]],
        "head": ["Head", 100, 10, [0, 0.0, 0], [6.846088218998016e-05, 0.7071067778724142, 0.7071067778724142, -6.846088219003565e-05]],
        "humerus_l": ["LeftArm", 1, 10, [0, 0, 0], [0.7228318114819191, -0.07742503185687222, -0.04009447481648931, 0.6855012544415362]],
        "ulna_l": ["LeftForeArm", 40, 10, [0, 0, 0], [0.7046139554103442, -0.05932262503454755, 0.05932262503454755, 0.7046139554103442]],
        "lunate_l": ["LeftHand", 40, 10, [0, 0, 0], [0.7069775473483396, -0.013518415044903587, 0.013518415044903587, 0.7069775473483396]],
        "humerus_r": ["RightArm", 1, 10, [0, 0, 0], [0.6855012544415362, 0.04009447481648931, -0.07742503185687222, -0.7228318114819191]],
        "ulna_r": ["RightForeArm", 50, 10, [0, 0, 0], [0.7046139554103442, -0.05932262503454755, -0.05932262503454755, -0.7046139554103442]],
        "lunate_r": ["RightHand", 50, 10, [0, 0, 0], [0.7069775473483396, -0.013518415044903587, -0.013518415044903587, -0.7069775473483396]],
        "femur_l": ["LeftLeg", 0, 10, [0, 0, 0], [6.495330296223123e-05, -0.7415674529174432, 0.6708783074446149, 7.179730645889837e-05]],
        "tibia_l": ["LeftShin", 0, 10, [0, 0, 0], [6.846088218998016e-05, -0.7071067778724142, 0.7071067778724142, 6.846088219003565e-05]],
        "calcn_l": ["LeftFoot", 50, 10, [0, 0.0, 0], [1.758174321071564e-05, -0.9833733585492856, 0.18159523210071757, 9.520854523692446e-05]],
        "toes_l": ["LeftToeBase", 50, 10, [0.0, 0.0, 0], [1.758174321071564e-05, -0.9833733585492856, 0.18159523210071757, 9.520854523692446e-05]],
        "femur_r": ["RightLeg", 0, 10, [0, 0, 0], [7.179730645891225e-05, 0.6708783074446149, 0.7415674529174432, -6.495330296224511e-05]],
        "tibia_r": ["RightShin", 0, 10, [0, 0, 0], [6.846088218998016e-05, 0.7071067778724142, 0.7071067778724142, -6.846088219003565e-05]],
        "calcn_r": ["RightFoot", 50, 10, [0, -0.0, 0], [9.520854523693312e-05, 0.18159523210071757, 0.9833733585492856, -1.758174321075945e-05]],
        "toes_r": ["RightToeBase", 50, 10, [0.0, 0.0, 0], [9.520854523693312e-05, 0.18159523210071757, 0.9833733585492856, -1.758174321075945e-05]]
    },
    "ik_match_table2": {
        "pelvis": ["Hips", 100, 5, [0, 0.0, 0], [6.846088218998016e-05, 0.7071067778724142, 0.7071067778724142, -6.846088219003565e-05]],
        "lumbar1": ["Chest", 40, 5, [0, 0.0, 0], [6.846088218998016e-05, 0.7071067778724142, 0.7071067778724142, -6.846088219003565e-05]],
        "head": ["Head", 45, 5, [0, 0.0, 0], [6.846088218998016e-05, 0.7071067778724142, 0.7071067778724142, -6.846088219003565e-05]],
        "humerus_l": ["LeftArm", 0, 5, [0, 0, 0], [0.7228318114819191, -0.07742503185687222, -0.04009447481648931, 0.6855012544415362]],
        "ulna_l": ["LeftForeArm", 40, 5, [0, 0, 0], [0.7046139554103442, -0.05932262503454755, 0.05932262503454755, 0.7046139554103442]],
        "lunate_l": ["LeftHand", 40, 5, [0, 0, 0], [0.7069775473483396, -0.013518415044903587, 0.013518415044903587, 0.7069775473483396]],
        "humerus_r": ["RightArm", 0, 5, [0, 0, 0], [0.6855012544415362, 0.04009447481648931, -0.07742503185687222, -0.7228318114819191]],
        "ulna_r": ["RightForeArm", 40, 5, [0, 0, 0], [0.7046139554103442, -0.05932262503454755, -0.05932262503454755, -0.7046139554103442]],
        "lunate_r": ["RightHand", 40, 5, [0, 0, 0], [0.7069775473483396, -0.013518415044903587, -0.013518415044903587, -0.7069775473483396]],
        "femur_l": ["LeftLeg", 0, 5, [0, 0, 0], [6.495330296223123e-05, -0.7415674529174432, 0.6708783074446149, 7.179730645889837e-05]],
        "tibia_l": ["LeftShin", 0, 5, [0, 0, 0], [6.846088218998016e-05, -0.7071067778724142, 0.7071067778724142, 6.846088219003565e-05]],
        "calcn_l": ["LeftFoot", 50, 5, [0, 0, 0], [1.758174321071564e-05, -0.9833733585492856, 0.18159523210071757, 9.520854523692446e-05]],
        "toes_l": ["LeftToeBase", 50, 5, [0.0, 0.0, 0], [1.758174321071564e-05, -0.9833733585492856, 0.18159523210071757, 9.520854523692446e-05]],
        "femur_r": ["RightLeg", 0, 5, [0, 0, 0], [7.179730645891225e-05, 0.6708783074446149, 0.7415674529174432, -6.495330296224511e-05]],
        "tibia_r": ["RightShin", 0, 5, [0, 0, 0], [6.846088218998016e-05, 0.7071067778724142, 0.7071067778724142, -6.846088219003565e-05]],
        "calcn_r": ["RightFoot", 50, 5, [0, 0, 0], [9.520854523693312e-05, 0.18159523210071757, 0.9833733585492856, -1.758174321075945e-05]],
        "toes_r": ["RightToeBase", 50, 5, [0.0, 0.0, 0], [9.520854523693312e-05, 0.18159523210071757, 0.9833733585492856, -1.758174321075945e-05]]
    }
}
